id,name,screen_name
14672466,TJClayton,TJ Clayton
24773790,emwiles,Erin M. Wiles
26203004,unisouthampton,Uni of Southampton
19446296,UniOfSurrey,University of Surrey
16656999,chattanoogafun,Chattanooga
571048427,Chattanooga,Chattanooga
831686592,CAU,Clark Atlanta
3472747515,AUCConsortium,AUCC
86165999,UNHPaulCollege,UNH Paul College
260714359,bentleygrad,Bentley Grad School
16738150,BentleyCareerSB,Susan Brennan
15741370,newschannelnine,WTVC NewsChannel 9
44213264,ChattanoogaNow,Chattanooga Now
3075439984,Like_A_Local,Like A Local
1153538011,HRSuccessGuide,HR Success Guide
3014762373,ColonialLifeNFL,Colonial Life NFL
1628771239,RobLockerman,Rob Lockerman
3073600621,CUActuarialclub,CU Actuarial Club
3256402371,WildcatsAtWork,Wildcats@Work
3346820075,ColonialKY,Colonial Life KY
2527908240,KarenLPelletier,Karen Pelletier
18942633,UnitedWayChatt,UnitedWayChattanooga
3227576059,PaulRevereNYC,Paul Revere NYC
3227489604,PaulRevereUNY,Paul Revere UNY
3300688678,PaulRevereHV,Paul Revere HV
3254417043,ColonialLifeNCA,Colonial Life NCA
3248072883,ColonialLifeWA,Colonial Life WA
3308443306,ColonialLifeNJ,Colonial Life NJ
3300602277,ColonialLifeSNE,Colonial Life SNE
3308376933,ColonialLifeSC,Colonial Life SC
3308435105,ColonialLifeGA,Colonial Life GA
3308445059,ColonialLifeKY,Colonial Life KY
3308476407,ColonialLifeMS,Colonial Life MS
3308483559,ColonialLifeAL,Colonial Life AL
3308606819,ColonialLifeSFL,Colonial Life SFL
473968059,LoriBetts1,Lori Betts
2505847824,cglidde1,Charlene Glidden
1670443884,mcg_unumnews,MC Guenther
19806349,alisonmays,Alison Mays
3308450489,ColonialLifeTN,Colonial Life TN
3308371035,ColonialLifeNC,Colonial Life NC
3308657638,ColonialLifeCFL,Colonial Life CFL
3120296076,dad3munchkins,Blake Rogers
3294200673,ColonialLifeIN,Colonial Life IN
3299158527,ColonialLifeMI,Colonial Life MI
3297783811,RecruitColonial,Nicole Brown
1596596126,WPIVeterans,WPI Veterans Affairs
262277756,WPIGoatFeed,WPI Goat Feed
15492353,WPIAdmissions,WPI Admissions
17594317,WPIAlumni,WPI Alumni
43906661,RMUnow,RMU Now!
18148669,SmealCollege,Penn State Smeal
256614868,colbyalumni,Colby College Alumni
3294288676,ColonialLifeCHI,Colonial Life CHI
3227572291,ColonialLifeWPA,Colonial Life WPA
3300640241,ColonialLifeNNE,Colonial Life NNE
3308410505,ColonialLifeDC,Colonial Life DC
22051318,MartinMcGuinnes,Martin McGuinness
3046714375,_michelemiller_,Michele Miller
60640398,jimsabourin,Jim Sabourin
3227568847,ColonialLifeOH,Colonial Life OH
19676575,KLbradbury,Karen Bradbury
78032054,tepeadam,Adam Tepe
481686717,AnnekathrynF,AnneKathryn Flanagan
3389605120,MBoucher30,Michelle Boucher
1137912727,unumnews_Dawn,Dawn McAbee
3293052395,ColonialLifeSAN,Colonial Life SAN
3293108260,ColonialLifeNTX,Colonial Life NTX
3004004179,JGarrison999,John Garrison
2296831321,thistleryan,Ryan Thistle
3293317547,ColonialLifeHOU,Colonial Life HOU
3293290593,ColonialLifeSTL,Colonial Life STL
3293328689,ColonialLifeARK,Colonial Life ARK
3293278851,ColonialLifeLOU,Colonial Life LOU
3331741054,HIREFalcons,Bentley Recruiting
2685282691,ColaFireflies,Columbia Fireflies
715989848,stevenmcc500,Steven McClelland
3341766292,UnumFieldRecrt,UnumFieldRecruiting
3289140706,ColonialLifeKS,Colonial Life KS
3289137196,ColonialLifeNEB,Colonial Life NEB
3289079435,ColonialLifeMN,Colonial Life MN
3288579975,ColonialLifeCO,Colonial Life CO
3288385143,ColonialLifeAZ,Colonial Life AZ
3195655537,ColonialLifeSD,Colonial Life SD
3195567606,ColonialLifeVEG,Colonial Life VEG
20594940,hrreview,HRreview
29711841,presbycollege,Presbyterian College
3254425929,ColonialLifeSCA,Colonial Life SCA
3254428917,ColonialLifeLAX,Colonial Life LAX
3254374013,ColonialLifeOR,Colonial Life OR
3254450219,ColonialLifeOC,Colonial Life OC
1428663270,BryantOCE,Bryant OCE
1077383088,wabanmatters,Waban Projects
3294266716,Colonial_Nicole,Gulf Coast Agent
3172846450,jeanalee_unum,Jeana Lee
196270126,HarvestHopeFB,Harvest Hope
100606370,PlanetFitness,Planet Fitness
155190087,tv_mama26,Shannon
82430128,ChattLookouts,Chattanooga Lookouts
789413420,SCWorksMidlands,SC Works Midlands
151057023,UTCITD,UTC IT
180785759,utcCAB,CampusActivitiesBrd
23637985,PortlandSeaDogs,Portland Sea Dogs
35198112,PortlandOldport,Portland Old Port
36944416,portdowntown,Portland Downtown
37657742,CityPortland,City of Portland, ME
3131268705,erictracy7,Eric Tracy
82108057,The_CDA,Disability Awareness
118740567,WorcesterState,Worcester State
3233493705,Joey_Johnson8,Joey Johnson
291710329,CareerSU,SU Career Services
290022722,CCIS_Careers,CCIS Career Center
248795646,Columbia,Columbia University
2161551948,FSUCareerCenter,FSU Career Center
336024842,PCcareers,PC Career Education
618288347,clarku_events,Clark University SLP
22417817,OppMaine,Opportunity Maine
55017718,WeInsureOKC,Steve Wilson
501905358,ErskineNews,Erskine College
110436436,ASCcareer,ASC Career Services
948497712,BuckeyeCareers,Buckeye Careers
182036512,FisherCareerMgt,Career Management
534584423,OSUAACareers,Careers for Buckeyes
146641337,suzsanderson,Susan Sanderson
25221940,GStal113,Coloniallifeboca
379307197,MarcoForato,Marco Forato
3144403503,ColonialLifeBiz,Small Biz Benefits
240839115,UChicagoCareers,UChicago Careers
51196881,CUBoulderCareer,CU-Boulder Career
2969870021,disab_matters,Disability Matters
1370307265,NateWorrell,Nate Worrell
186010974,wendy90uga,Wendy Gibson
818679642,stevebygott,Steve Bygott
19769960,LaurenChess,Lauren Chess
254082173,RepJoeWilson,Joe Wilson
504566508,LIBRAFoundation,L.I.B.R.A Foundation
1156271,JayCollier,Jay Collier
2258043997,dleopold73,David Leopold
2192442660,SustainBryant,Sustainable Bryant
3034554856,PODUnum,Peter O'Donnell
3027014871,caryolson5,Cary Olson
3048003308,Sgjoseph73,Steve Joseph
246328561,arronarcher,Arron Archer
819664218,ua_ais,AL Insurance Society
15866174,Mainebiz,Mainebiz
299689371,jonescareers,Samuel Jones
947946084,myWharton,MBA Student Life
618346336,WhartonMBACM,Wharton MBA Careers
130708328,BENTwomencenter,Bentley WomensCenter
43738121,BentleyCAB,Bentley CAB
331693850,Bentley_SPE,Bentley SP&E
954023683,BentleyFlex,Flex The Falcon
15492359,TEDTalks,TED Talks
293666380,cwinston75,Chris Winston
353808142,FleishmanCareer,Bing Career Center
2996095986,HeathOakes,Heath Oakes
257500441,BEngaged_Bing,B-Engaged
407233664,BrokersCount,Brokers Count
152822359,ceiks,Mike Maceiko
61277613,ColonialLifePro,Benefit Counselors
2957138716,ColonialLifePS,Public Sector Svcs
327096775,TalentBinHiring,TalentBin by Monster
250197747,URICCEE,URI CCEE
223880484,The_URI_MBA,The URI MBA Programs
2305644360,music_uri,URI M.U.S.I.C.
568977262,InternTennessee,Tennessee Internship
2360073704,OPEJobs,OPE
16887509,ThomasCollege,Thomas College
253611316,HUCareerService,Career Services
30865460,unetweets,Univ. of New England
41807438,UNHAlums,UNH Alumni
2203919486,UNHTWCInterns,UNH TWC Internships
903881660,UNHStudents,UNH Students
30768622,shennabellows,Shenna Bellows
2335267256,JobsinAtlanta1,Jobs in Atlanta
863701598,KrystalHicksUNH,Krystal Hicks
637143497,Governor_LePage,Paul R. LePage
19726613,SenatorCollins,Sen. Susan Collins
1322640494,CareerCOFC,CareerCofC
413232293,CWRUCC,CWRU Career Center
2832107156,MooreSchoolCBC,MooreSchoolCBC
148816545,PCCareerSuccess,PC Careers
268796313,BestCompaniesGP,Best Companies Group
26486640,DukeCareers,Duke Career Center
39330242,joecalling,LeeUCalling&Career
2843812826,STEMfair2014,STEM Career fair RWU
372815243,BU_CCD,BU CCD
235302305,MooreCareerMgmt,Moore School OCM
181941367,Glendale_JobsUS,Glendale Jobs
290583697,Glendale_Buzz,Glendale Local
351826673,TTUCareerSvcs,TNTechUnivCareerSvcs
173967751,BentleyCareerJE,Janet Ehl
110581770,BentleySGA,Student Government
846062016,UMWadeCenter,UMaine Wade Center
2163186510,CABUMaine,UMaine CAB
1322502788,UMaineCircleK,UMaine Circle K
2314115582,WRC_UMaine,UMaine WRC
2732655091,UMainePiKapp,UMaine PiKapp
2295460855,LambdaChiUMaine,Lambda Chi Alpha
1868719717,UMaine_SPIFFY,SPIFFY
1949924454,GSSUMaine,Delta Nu UMaine
1845779168,UMaineCLAS,UMaine CLAS
2180507449,UMaine_CASE,CASE
759785071,UMCLASADVISING,UMaine CLAS Advising
1098998096,UMaineROTC,UMaine Army ROTC
765830762,UMaineGSG,UMaineGSG
1069118820,DPhiE_UMaine,DPhiE at UMaine
1126604874,AGR_UMaine_Psi,Alpha Gamma Rho
1170200910,UMaineDelt,  (UMaine)
545491714,UMainePIKE,Pi Kappa Alpha
1177049016,umainegreeks,umaine greeks
482287225,Umaine_Fiji,UMaine FIJI
392037839,UMainePoliSci,UMainePoliSci 
843951782,UMaineATO,AT Maine
434509753,AlphaPhiDeltaNu,Alpha Phi UMaine
500291045,DZAlphaUpsilon,Delta Zeta UMaine
496347867,PhiMu_Pi,UMaine Phi Mu
27929580,BlackBearNation,Black Bear Nation
1212766736,UM_Panhellenic,UMaine Panhellenic
2327836285,UMaineSAAC,UMaine SAAC
46417359,UMFPR,UMaine Farmington PR
15705682,UMaineNews,UMaineNews
41400234,UMaineInnovates,UMaine Innovates
309874977,umaine_ccids,UMaine CCIDS (UCEDD)
109063131,UMaineSG,UMaine SG
74149854,UMEStudentLife,UMaine Student Life
36454943,UMaine,University of Maine
2826735901,ColonialLifeTim,Tim Arnold
586597549,UnitedWayofCM,United Way CM
632332953,ToddHerrmann2,Todd Herrmann
1068481578,SenAngusKing,Senator Angus King
858187380,projectlogin,Project Login
30924384,NicholsCareer,NicholsCareerService
2682376374,mkfortune_unum,Mary K Fortune
988576514,john_letizia,JohnLetizia
51156000,PittCareers,Pitt Career Services
595504910,RMUCareerCenter,RMU Career Center
44027775,NajlaFrayha,Najla
632612232,hrprobono,Brad Bingham
344679491,UNHCareerCenter,UNH Career Center
57688251,michaelaroberto,Michael A. Roberto
2671260068,comtruluck,Debbie Truluck
15568621,BDPA,BDPA
431524645,mqsimonds,Mike Simonds
478748023,DartmouthCareer,DartmouthCtr4ProfDev
46181435,TSUedu,Tennessee State Univ
19310215,UICareerCenter,Pomerantz CareerCntr
2527818805,uwycme,UW of York County
16506355,UnitedWay,United Way
18989465,CareerCenterRWU,Career Center at RWU
25056698,tennesseetech,Tennessee Tech News
19535228,UTAAcareers,UTAA Career Services
323297108,SpelmanCPD,Spelman College CPD
111074974,Morehouse,Morehouse College
34394355,uncucs,UNC UCS
190325983,UConnCCD,Ctr for Career Dvpmt
270056534,georgiatechbsch,GeorgiaTech Scheller
745219772,bccareer,Bryan Career Center
1907723988,BSNSatBryan,Business at Bryan
46456713,gtcareerservice,GT Career Services
19080617,GeorgiaTech,Georgia Tech
39348055,OO_Dave_O,Dave Ortendahl
15624169,LeeU,Lee University
40893243,BelmontUniv,Belmont University
2507538524,HSBCareerMgmt,HSB Career Mgmt 
167241036,LSUCareerCenter,Olinde Career Center
599256275,UMAAlumni,UMA Alumni 
386201824,UMassAccounting,UMassAcctAssociation
1132178288,UTAnalytics,UT Bus. Analytics
1158281276,HaslamUndergrad,Haslam Undergrad
61628562,SCSU_CAB,#SCState Univ. C.A.B
122169795,SCSTATE1896,SC STATE UNIVERSITY
38278974,univofthesouth,Univ of the South
158106345,SJCMEAlumni,SJCME Alumni
478640951,SaintJosephsME,SaintJoseph'sCollege
1693988696,UMAugustaCareer,UMACareerAdvising
380928805,UMAugusta,UMA
1334823913,baxteracademy,Baxter Academy
408596358,EMPLOYABULLDOG,TWC Career Services
45050733,HeatherAverett,Heather Averett
24911930,heydoctaylor,Valerie Taylor
2301582559,KnoxUTCAlumni,Knoxville UTC Alumni
135615056,BatesStudent,The Bates Student
20485008,AfterCollege,AfterCollege
113165005,JenRutt,Jen Rutt
253322212,BryantTuppy,BryantMascot Tupper
1090510902,SGAWPI,WPI SGA
275174034,NDCareerCenter,The Career Center
8859092,PressHerald,PressHerald
33931693,FurmanU,Furman University 
20162210,NU_MBA,Northeastern MBA
96151052,NU_Business,DAmoreMcKim BSchool
28538089,ClarkUniversity,Clark University
17967025,The_Forecaster,The Forecaster
58805084,vtcareerservice,VT Career Services
564699159,BryantUprez,Ronald Machtley
44916777,unitedwaygp,UW Greater Portland
16869299,BabsonUgradCCD,Babson Ugrad CCD
104561488,BU_Tweets,Boston University
28140707,SpelmanCollege,Spelman College
344908199,SpelmanCoop,SpelmanCoop
71323602,CovenantCollege,Covenant College
17084832,pefchattanooga,PEF Chattanooga
62830394,iccareers,ICCareer Services
111069245,Actuary_Dot_Org,Actuary.Org
191070532,CSOBryant,Bryant Serves
1851690258,UTCCareer,UTC Career Center   
817939741,UPIC_CCPD,UPIC
153416138,ClemsonCCPD,Clemson CCPD
18540881,InsuranceCareer,insurancecareer
1897592478,BryantActuaries,ActuarialAssociation
738583284,AC_CDIC,Assumption CDIC
360110564,MooreBusinessSC,MooreSchool
108651709,UTChattanooga,UT-Chattanooga
54915352,UTC_COB,UTC College Business
1154486809,CDCatWPI,WPI CDC
384326558,CrusaderCareers,HC CareerDevelopment
19559951,holy_cross,Holy Cross
601302206,AssumptionNews,Assumption College
279634819,BryantU_MSU,Bryant MSU
70590360,UMDCareerCenter,UMD Career Center
16687357,WPI,WPI
16435792,universityofga,UGA
63229586,ClemsonStudents,Clemson Students
26542389,PSU_Career,Penn State Career
117532989,BryantUniv,Bryant University
14385531,BowdoinCollege,Bowdoin College
28156622,UISCareerCenter,UIS Career Center
19923528,UACareerCenter,UA Career Center
24019332,WSUCareers,Westfield St. Career
50117728,UPCareers,UP Career Center
54287616,CoogCareers,UH Career Services
34733348,USFcareer,USF Career Services
297522407,AskUnum,Unum UK
31476773,CareerCenter_LU,LU Career Center
36693079,UVACareerCenter,UVA Career Center
1183171040,AMUCareers,AMU Career Services
210904448,USMCareerSrvcs,USM Career Services
475012795,UMassCareers,Career Services
22956895,UML_Career_Serv,Career Services
49999266,IsenbergUMass,Isenberg School
843832531,VUCareer,Vanderbilt Career
859787029,UMFCareers,UMF Career Services
36054601,KellyServices,Kelly Services
16538186,WCSH6,WCSH 6
23085284,WMTWTV,WMTW TV
46457075,NACEOrg,NACE
29350502,InsuranceJobs1,Great Insurance Jobs
210822651,UofSCCareers,USC Career Center
204798586,UMaineCareerCtr,UMaine Career Center
480892680,EducateMaine,Educate Maine
80104013,StKateCareer,St. Kate Career
115481351,Pitt_PA_Jobs,PittsburghJobs
56172085,PghYoungProf,PGH YOUNG PROF
339224911,EmoryCareerCntr,Emory Career Center
14285561,WisconsinBBA,Wisconsin BBA
117864375,uacareersvcs,UA Career Services
39776435,Toppel,Toppel Career Center
64831194,sdsucareerserv,SDSU Career Services
37021569,SMU_HegiCareer,SMU Hegi Career
22423897,USTCareer,UST Career
67073528,BucknellCareer,Bucknell Career 
23827597,BSUCareerCenter,Boise State CC
18999040,HireOSUgrads,OSU Career Services
15224845,UCSBcareer,UCSB Career Services
17136221,uocareercenter,UOCareerCenter
22767741,UVAAlumniCareer,UVa Alumni Careers
41581913,URSpiderNetwork,UR Alumni & Career 
95927569,LoyolaCareerCtr,LoyolaMDCareerCenter
19348110,UICCareerSrvcs,UIC Career Services
38691926,uncc_career,UNCC Career Center
43373536,AUCareer,Auburn Career Center
25340686,TempleCareers,Temple Career Center
46516468,depaulcareerctr,DePaul Career Center
26291592,HIREaPANTHER,AU Career Center
56927414,UBCareerSvs,UB Career Services
48454743,kucareer,KU Career Center
34658365,UTCCS,Comm Career Services
31068695,LUCCareer,LUC Career Center
19352129,MHCC_CPCC,MHCC Career Center
40536315,msstatecareer,MSU Career Center
25341496,AUCareerCenter,AU Career Center
15782087,WUSTLcareers,WUSTL Career Center
67686301,udaytoncareers,UD Career Services
36965867,unmcareersrvcs,UNM Career Services
232305042,BUCareerDevelop,Career Development
271529697,DuqCareer,Duq Career Services
272942898,Portland_Buz,Portland Local
14818045,SHRM,SHRM
76339922,RUcareers,Univ Career Services
398850285,HCCareerCtr,Hamilton Career Ctr
64785464,MITCareers,MIT Careers (GECD)
69376385,UDcareers,UD Career Services
16071494,sherryfm,Scheherazade F Mason
123770438,College2Careers,College To Careers
19812312,SkidmoreCareer,Skidmore CDC
84404237,NewGradLife,New Grad Life
376240744,RecruitRU,Rutgers Careers
16132544,IthacaCollege,Ithaca College
29744286,bergcareer,'Berg Career Center
